Price,Close,High,Low,Open,Volume
Ticker,0020.HK,0020.HK,0020.HK,0020.HK,0020.HK
Date,,,,,
2021-12-30,4.130000114440918,4.739999771118164,3.9000000953674316,3.9100000858306885,329966696
2021-12-31,5.5,5.5,4.210000038146973,4.230000019073486,254079780
2022-01-03,7.75,7.75,5.800000190734863,5.989999771118164,465580254
2022-01-04,8.199999809265137,9.699999809265137,7.619999885559082,8.390000343322754,358971790
2022-01-05,6.96999979019165,8.4399995803833,6.800000190734863,7.900000095367432,172749296
2022-01-06,7.949999809265137,8.0,6.019999980926514,6.769999980926514,220547279
2022-01-07,7.360000133514404,8.399999618530273,7.360000133514404,8.199999809265137,163020001
2022-01-10,7.170000076293945,7.730000019073486,6.849999904632568,7.300000190734863,70488200
2022-01-11,7.349999904632568,7.599999904632568,7.010000228881836,7.070000171661377,64010063
2022-01-12,7.329999923706055,7.699999809265137,7.28000020980835,7.550000190734863,56531838
2022-01-13,7.150000095367432,7.409999847412109,7.119999885559082,7.360000133514404,24878000
2022-01-14,6.860000133514404,7.150000095367432,6.710000038146973,7.099999904632568,43561662
2022-01-17,6.599999904632568,6.949999809265137,6.599999904632568,6.900000095367432,24259000
2022-01-18,7.0,7.199999809265137,6.670000076293945,6.670000076293945,53091626
2022-01-19,6.880000114440918,7.150000095367432,6.860000133514404,7.090000152587891,19036000
2022-01-20,6.920000076293945,7.070000171661377,6.880000114440918,6.880000114440918,21134800
2022-01-21,7.159999847412109,7.269999980926514,6.820000171661377,6.880000114440918,49100000
2022-01-24,6.900000095367432,7.099999904632568,6.829999923706055,6.989999771118164,23767500
2022-01-25,6.75,6.849999904632568,6.71999979019165,6.800000190734863,18755000
2022-01-26,6.760000228881836,6.940000057220459,6.659999847412109,6.809999942779541,12177012
2022-01-27,6.519999980926514,6.739999771118164,6.5,6.699999809265137,16855020
2022-01-28,6.320000171661377,6.550000190734863,6.090000152587891,6.519999980926514,19810276
2022-01-31,6.730000019073486,6.840000152587891,6.329999923706055,6.340000152587891,16776240
2022-02-04,6.820000171661377,6.920000076293945,6.739999771118164,6.820000171661377,15561000
2022-02-07,6.849999904632568,6.980000019073486,6.769999980926514,6.769999980926514,11325000
2022-02-08,6.71999979019165,6.880000114440918,6.630000114440918,6.880000114440918,8141340
2022-02-09,6.78000020980835,6.929999828338623,6.75,6.849999904632568,10558600
2022-02-10,6.789999961853027,6.849999904632568,6.739999771118164,6.840000152587891,7052000
2022-02-11,6.710000038146973,6.800000190734863,6.639999866485596,6.760000228881836,7735000
2022-02-14,6.550000190734863,6.679999828338623,6.510000228881836,6.679999828338623,6826000
2022-02-15,6.400000095367432,6.619999885559082,6.389999866485596,6.550000190734863,10031400
2022-02-16,6.5,6.550000190734863,6.409999847412109,6.5,5872000
2022-02-17,6.400000095367432,6.510000228881836,6.349999904632568,6.5,7119800
2022-02-18,6.190000057220459,6.380000114440918,6.059999942779541,6.380000114440918,27719900
2022-02-21,6.610000133514404,6.900000095367432,6.389999866485596,6.400000095367432,46987001
2022-02-22,6.909999847412109,6.949999809265137,6.440000057220459,6.5,44424140
2022-02-23,7.380000114440918,7.599999904632568,6.800000190734863,6.869999885559082,104760351
2022-02-24,6.519999980926514,6.869999885559082,6.199999809265137,6.28000020980835,97392400
2022-02-25,6.630000114440918,6.789999961853027,6.550000190734863,6.710000038146973,21746455
2022-02-28,6.460000038146973,6.650000095367432,6.329999923706055,6.650000095367432,15484200
2022-03-01,6.550000190734863,6.579999923706055,6.449999809265137,6.460000038146973,8665000
2022-03-02,6.449999809265137,6.53000020980835,6.380000114440918,6.489999771118164,9855270
2022-03-03,6.849999904632568,6.849999904632568,6.409999847412109,6.449999809265137,22261000
2022-03-04,6.860000133514404,6.860000133514404,6.5,6.690000057220459,30969200
2022-03-07,6.619999885559082,6.679999828338623,6.519999980926514,6.679999828338623,17061657
2022-03-08,6.230000019073486,6.730000019073486,6.230000019073486,6.53000020980835,21231797
2022-03-09,6.599999904632568,6.599999904632568,6.150000095367432,6.230000019073486,21012100
2022-03-10,6.570000171661377,6.75,6.449999809265137,6.699999809265137,11455000
2022-03-11,6.5,6.730000019073486,6.380000114440918,6.380000114440918,20028418
2022-03-14,6.519999980926514,6.519999980926514,6.519999980926514,6.519999980926514,0
2022-03-15,6.019999980926514,6.300000190734863,5.789999961853027,6.099999904632568,33447033
2022-03-16,6.360000133514404,6.400000095367432,5.900000095367432,6.199999809265137,25300527
2022-03-17,6.389999866485596,6.639999866485596,6.28000020980835,6.570000171661377,19090035
2022-03-18,6.260000228881836,6.380000114440918,6.210000038146973,6.380000114440918,9936000
2022-03-21,6.25,6.400000095367432,6.25,6.300000190734863,6790571
2022-03-22,6.329999923706055,6.329999923706055,6.159999847412109,6.300000190734863,9321000
2022-03-23,6.670000076293945,6.769999980926514,6.25,6.329999923706055,42118000
2022-03-24,6.409999847412109,6.71999979019165,6.340000152587891,6.599999904632568,18277816
2022-03-25,6.300000190734863,6.480000019073486,6.300000190734863,6.429999828338623,9907000
2022-03-28,6.179999828338623,6.239999771118164,6.019999980926514,6.130000114440918,15321588
2022-03-29,6.159999847412109,6.269999980926514,6.110000133514404,6.199999809265137,8665115
2022-03-30,6.199999809265137,6.289999961853027,6.179999828338623,6.179999828338623,8506000
2022-03-31,6.150000095367432,6.25,6.119999885559082,6.179999828338623,4386000
2022-04-01,6.119999885559082,6.150000095367432,6.079999923706055,6.099999904632568,4933378
2022-04-04,6.230000019073486,6.289999961853027,6.130000114440918,6.150000095367432,6219300
2022-04-06,6.119999885559082,6.190000057220459,6.039999961853027,6.159999847412109,8967659
2022-04-07,6.0,6.110000133514404,5.989999771118164,6.099999904632568,9614000
2022-04-08,6.019999980926514,6.059999942779541,6.0,6.0,5014161
2022-04-11,5.599999904632568,5.989999771118164,5.599999904632568,5.989999771118164,18394168
2022-04-12,5.320000171661377,5.639999866485596,5.079999923706055,5.570000171661377,19726400
2022-04-13,5.199999809265137,5.340000152587891,5.139999866485596,5.340000152587891,6152282
2022-04-14,5.260000228881836,5.389999866485596,5.179999828338623,5.199999809265137,5547227
2022-04-19,5.050000190734863,5.25,5.010000228881836,5.239999771118164,7597832
2022-04-20,5.03000020980835,5.150000095367432,5.010000228881836,5.099999904632568,5006826
2022-04-21,4.929999828338623,5.03000020980835,4.75,5.0,13145884
2022-04-22,4.800000190734863,4.849999904632568,4.710000038146973,4.78000020980835,6903800
2022-04-25,4.460000038146973,4.75,4.440000057220459,4.75,13556900
2022-04-26,4.46999979019165,4.659999847412109,4.449999809265137,4.5,6933156
2022-04-27,4.579999923706055,4.619999885559082,4.400000095367432,4.420000076293945,6320562
2022-04-28,4.599999904632568,4.699999809265137,4.510000228881836,4.650000095367432,8315000
2022-04-29,5.179999828338623,5.239999771118164,4.619999885559082,4.650000095367432,24770420
2022-05-03,5.070000171661377,5.28000020980835,4.929999828338623,5.090000152587891,12225200
2022-05-04,4.880000114440918,5.139999866485596,4.869999885559082,5.070000171661377,6619933
2022-05-05,4.940000057220459,5.070000171661377,4.860000133514404,4.989999771118164,7576219
2022-05-06,4.699999809265137,4.809999942779541,4.659999847412109,4.789999961853027,9025500
2022-05-10,4.659999847412109,4.789999961853027,4.400000095367432,4.5,7384390
2022-05-11,4.659999847412109,4.78000020980835,4.519999980926514,4.519999980926514,4926000
2022-05-12,4.53000020980835,4.659999847412109,4.489999771118164,4.550000190734863,4343435
2022-05-13,4.590000152587891,4.619999885559082,4.53000020980835,4.53000020980835,3692000
2022-05-16,4.5,4.670000076293945,4.5,4.650000095367432,3332000
2022-05-17,4.769999980926514,4.820000171661377,4.5,4.5,12014112
2022-05-18,4.690000057220459,4.820000171661377,4.639999866485596,4.769999980926514,5517549
2022-05-19,4.599999904632568,4.639999866485596,4.5,4.599999904632568,5529894
2022-05-20,4.860000133514404,4.940000057220459,4.610000133514404,4.610000133514404,11853987
2022-05-23,4.889999866485596,4.949999809265137,4.78000020980835,4.860000133514404,5536989
2022-05-24,4.71999979019165,4.909999847412109,4.639999866485596,4.789999961853027,5934612
2022-05-25,4.800000190734863,4.820000171661377,4.690000057220459,4.71999979019165,4027486
2022-05-26,4.769999980926514,4.849999904632568,4.710000038146973,4.809999942779541,3317000
2022-05-27,4.809999942779541,4.920000076293945,4.769999980926514,4.909999847412109,4340000
2022-05-30,4.909999847412109,4.940000057220459,4.78000020980835,4.849999904632568,5936420
2022-05-31,5.079999923706055,5.170000076293945,4.880000114440918,4.900000095367432,13521042
2022-06-01,5.579999923706055,5.639999866485596,5.070000171661377,5.099999904632568,31936667
2022-06-02,5.869999885559082,5.949999809265137,5.53000020980835,5.53000020980835,33177775
2022-06-06,5.960000038146973,6.099999904632568,5.829999923706055,5.909999847412109,26871000
2022-06-07,5.760000228881836,5.980000019073486,5.710000038146973,5.96999979019165,14295224
2022-06-08,5.849999904632568,5.940000057220459,5.800000190734863,5.869999885559082,10778539
2022-06-09,5.699999809265137,5.909999847412109,5.599999904632568,5.900000095367432,11471300
2022-06-10,5.659999847412109,5.699999809265137,5.5,5.519999980926514,20633238
2022-06-13,5.429999828338623,5.550000190734863,5.380000114440918,5.53000020980835,11225450
2022-06-14,6.0,6.0,5.210000038146973,5.380000114440918,17423221
2022-06-15,5.889999866485596,6.079999923706055,5.800000190734863,5.989999771118164,19143562
2022-06-16,5.840000152587891,6.210000038146973,5.809999942779541,5.909999847412109,33651318
2022-06-17,5.980000019073486,6.059999942779541,5.71999979019165,5.789999961853027,14012035
2022-06-20,5.920000076293945,6.019999980926514,5.829999923706055,5.980000019073486,7813165
2022-06-21,5.980000019073486,6.050000190734863,5.840000152587891,5.929999828338623,9244243
2022-06-22,5.710000038146973,6.079999923706055,5.710000038146973,5.980000019073486,12737537
2022-06-23,5.480000019073486,5.78000020980835,5.409999847412109,5.730000019073486,20588000
2022-06-24,5.739999771118164,5.900000095367432,5.449999809265137,5.460000038146973,23777000
2022-06-27,6.119999885559082,6.190000057220459,5.840000152587891,5.840000152587891,49809820
2022-06-28,6.199999809265137,6.300000190734863,6.070000171661377,6.119999885559082,34022006
2022-06-29,5.880000114440918,6.179999828338623,5.820000171661377,6.130000114440918,26482700
2022-06-30,3.130000114440918,5.0,2.9100000858306885,5.0,1902668559
2022-07-04,2.5399999618530273,3.0,2.5,2.990000009536743,942326393
2022-07-05,2.75,2.7799999713897705,2.380000114440918,2.4000000953674316,660837069
2022-07-06,2.5999999046325684,2.7899999618530273,2.5299999713897705,2.7699999809265137,313489900
2022-07-07,2.5999999046325684,2.680000066757202,2.559999942779541,2.559999942779541,153289335
2022-07-08,2.5799999237060547,2.690000057220459,2.5399999618530273,2.640000104904175,226428626
2022-07-11,2.5399999618530273,2.5999999046325684,2.5199999809265137,2.5999999046325684,97459200
2022-07-12,2.430000066757202,2.5199999809265137,2.4000000953674316,2.5,120849316
2022-07-13,2.390000104904175,2.4800000190734863,2.380000114440918,2.450000047683716,118146200
2022-07-14,2.2899999618530273,2.380000114440918,2.25,2.359999895095825,185680756
2022-07-15,2.1600000858306885,2.359999895095825,2.1500000953674316,2.2799999713897705,172585240
2022-07-18,2.140000104904175,2.2300000190734863,2.109999895095825,2.130000114440918,122616553
2022-07-19,2.0999999046325684,2.1700000762939453,2.0399999618530273,2.140000104904175,143540501
2022-07-20,2.3299999237060547,2.4200000762939453,2.1700000762939453,2.180000066757202,394631180
2022-07-21,2.390000104904175,2.4600000381469727,2.2899999618530273,2.3299999237060547,171704203
2022-07-22,2.430000066757202,2.490000009536743,2.390000104904175,2.4100000858306885,123836156
2022-07-25,2.4000000953674316,2.430000066757202,2.3399999141693115,2.4100000858306885,75447500
2022-07-26,2.2699999809265137,2.3399999141693115,2.190000057220459,2.309999942779541,126076000
2022-07-27,2.3399999141693115,2.369999885559082,2.2200000286102295,2.2300000190734863,83863000
2022-07-28,2.4700000286102295,2.5,2.369999885559082,2.380000114440918,129337512
2022-07-29,2.3299999237060547,2.5199999809265137,2.299999952316284,2.5,134143000
2022-08-01,2.2799999713897705,2.3499999046325684,2.259999990463257,2.319999933242798,56324500
2022-08-02,2.1700000762939453,2.2200000286102295,2.119999885559082,2.2200000286102295,96058337
2022-08-03,2.200000047683716,2.3299999237060547,2.190000057220459,2.2200000286102295,50290143
2022-08-04,2.200000047683716,2.25,2.180000066757202,2.240000009536743,47595078
2022-08-05,2.2300000190734863,2.240000009536743,2.180000066757202,2.2300000190734863,46070295
2022-08-08,2.200000047683716,2.259999990463257,2.200000047683716,2.25,37793836
2022-08-09,2.190000057220459,2.2300000190734863,2.180000066757202,2.200000047683716,52804583
2022-08-10,2.1600000858306885,2.2100000381469727,2.140000104904175,2.200000047683716,44309511
2022-08-11,2.190000057220459,2.2100000381469727,2.1600000858306885,2.190000057220459,47966571
2022-08-12,2.2300000190734863,2.2899999618530273,2.190000057220459,2.190000057220459,84887092
2022-08-15,2.25,2.2899999618530273,2.2300000190734863,2.259999990463257,52508209
2022-08-16,2.200000047683716,2.2799999713897705,2.180000066757202,2.25,53090058
2022-08-17,2.1600000858306885,2.2200000286102295,2.1600000858306885,2.200000047683716,33624322
2022-08-18,2.0799999237060547,2.180000066757202,2.059999942779541,2.180000066757202,111259100
2022-08-19,2.0999999046325684,2.130000114440918,2.059999942779541,2.0899999141693115,75088900
2022-08-22,2.190000057220459,2.2200000286102295,2.119999885559082,2.1500000953674316,100051361
2022-08-23,2.200000047683716,2.2300000190734863,2.1600000858306885,2.180000066757202,76977058
2022-08-24,2.240000009536743,2.299999952316284,2.2100000381469727,2.2100000381469727,108765301
2022-08-25,2.3499999046325684,2.3499999046325684,2.240000009536743,2.25,150627240
2022-08-26,2.2899999618530273,2.3399999141693115,2.259999990463257,2.3399999141693115,124465126
2022-08-29,2.2899999618530273,2.319999933242798,2.2100000381469727,2.2300000190734863,68550555
2022-08-30,2.309999942779541,2.3399999141693115,2.2699999809265137,2.2899999618530273,67732669
2022-08-31,2.4700000286102295,2.490000009536743,2.259999990463257,2.2799999713897705,286634596
2022-09-01,2.390000104904175,2.490000009536743,2.359999895095825,2.4700000286102295,146291427
2022-09-02,2.259999990463257,2.390000104904175,2.25,2.380000114440918,582106018
2022-09-05,2.2899999618530273,2.3499999046325684,2.25,2.25,325095223
2022-09-06,2.319999933242798,2.3499999046325684,2.2899999618530273,2.2899999618530273,135521619
2022-09-07,2.2899999618530273,2.309999942779541,2.259999990463257,2.2899999618530273,130235492
2022-09-08,2.2899999618530273,2.3499999046325684,2.259999990463257,2.299999952316284,116867022
2022-09-09,2.2799999713897705,2.3499999046325684,2.2799999713897705,2.2799999713897705,84853146
2022-09-13,2.1700000762939453,2.299999952316284,2.1500000953674316,2.299999952316284,128816174
2022-09-14,2.130000114440918,2.140000104904175,2.0899999141693115,2.109999895095825,86997033
2022-09-15,2.0799999237060547,2.1500000953674316,2.069999933242798,2.119999885559082,84648042
2022-09-16,2.0,2.059999942779541,1.9900000095367432,2.049999952316284,114685567
2022-09-19,1.909999966621399,1.9800000190734863,1.850000023841858,1.9800000190734863,128070688
2022-09-20,1.940000057220459,1.9800000190734863,1.9199999570846558,1.940000057220459,61784421
2022-09-21,1.899999976158142,1.9900000095367432,1.8899999856948853,1.9299999475479126,70314939
2022-09-22,1.940000057220459,1.9500000476837158,1.840000033378601,1.8899999856948853,93865511
2022-09-23,1.940000057220459,1.9900000095367432,1.909999966621399,1.940000057220459,53047351
2022-09-26,1.8700000047683716,1.9600000381469727,1.840000033378601,1.909999966621399,100970913
2022-09-27,1.840000033378601,1.8700000047683716,1.809999942779541,1.8600000143051147,75720694
2022-09-28,1.7300000190734863,1.8300000429153442,1.7200000286102295,1.8200000524520874,109861655
2022-09-29,1.6299999952316284,1.7899999618530273,1.5800000429153442,1.7799999713897705,129817729
2022-09-30,1.600000023841858,1.6699999570846558,1.5700000524520874,1.6299999952316284,88347963
2022-10-03,1.6100000143051147,1.6399999856948853,1.559999942779541,1.5700000524520874,59832000
2022-10-05,1.7200000286102295,1.7699999809265137,1.6699999570846558,1.6699999570846558,128549794
2022-10-06,1.659999966621399,1.75,1.649999976158142,1.7100000381469727,50684834
2022-10-07,1.590000033378601,1.659999966621399,1.5800000429153442,1.659999966621399,60776368
2022-10-10,1.5,1.559999942779541,1.4900000095367432,1.5399999618530273,91497848
2022-10-11,1.3300000429153442,1.5299999713897705,1.3200000524520874,1.5,208031164
2022-10-12,1.2799999713897705,1.340000033378601,1.2000000476837158,1.3300000429153442,285310008
2022-10-13,1.2100000381469727,1.3200000524520874,1.2000000476837158,1.2999999523162842,149768978
2022-10-14,1.2400000095367432,1.2799999713897705,1.2100000381469727,1.25,159632069
2022-10-17,1.2699999809265137,1.2899999618530273,1.2000000476837158,1.2100000381469727,103584110
2022-10-18,1.350000023841858,1.3700000047683716,1.2699999809265137,1.2999999523162842,135322000
2022-10-19,1.2899999618530273,1.340000033378601,1.2699999809265137,1.340000033378601,99943749
2022-10-20,1.2799999713897705,1.309999942779541,1.2200000286102295,1.25,108219000
2022-10-21,1.2599999904632568,1.309999942779541,1.25,1.2899999618530273,98469392
2022-10-24,1.1699999570846558,1.2899999618530273,1.1299999952316284,1.2599999904632568,184865993
2022-10-25,1.2100000381469727,1.2599999904632568,1.1100000143051147,1.2000000476837158,184151000
2022-10-26,1.2899999618530273,1.2999999523162842,1.2000000476837158,1.2100000381469727,149022929
2022-10-27,1.2599999904632568,1.350000023841858,1.2400000095367432,1.340000033378601,156967635
2022-10-28,1.190000057220459,1.2799999713897705,1.1799999475479126,1.2599999904632568,102858000
2022-10-31,1.190000057220459,1.2599999904632568,1.1799999475479126,1.2000000476837158,96280000
2022-11-01,1.2799999713897705,1.2899999618530273,1.1799999475479126,1.2100000381469727,223883768
2022-11-02,1.2799999713897705,1.3300000429153442,1.25,1.2799999713897705,149258550
2022-11-03,1.2400000095367432,1.2999999523162842,1.2300000190734863,1.25,105528000
2022-11-04,1.3300000429153442,1.3799999952316284,1.25,1.2599999904632568,285062162
2022-11-07,1.7999999523162842,1.7999999523162842,1.3300000429153442,1.340000033378601,906195281
2022-11-08,1.75,2.0399999618530273,1.7200000286102295,1.840000033378601,820078586
2022-11-09,1.690000057220459,1.8899999856948853,1.649999976158142,1.7799999713897705,361167415
2022-11-10,1.5700000524520874,1.649999976158142,1.5299999713897705,1.6399999856948853,281408100
2022-11-11,1.7000000476837158,1.8200000524520874,1.649999976158142,1.7799999713897705,476340333
2022-11-14,1.75,1.8700000047683716,1.7100000381469727,1.7599999904632568,367250518
2022-11-15,1.7899999618530273,1.850000023841858,1.6299999952316284,1.690000057220459,612310275
2022-11-16,2.0199999809265137,2.0999999046325684,1.7599999904632568,1.7799999713897705,950584584
2022-11-17,2.130000114440918,2.200000047683716,1.8799999952316284,2.0,677567866
2022-11-18,2.009999990463257,2.240000009536743,2.009999990463257,2.180000066757202,448254354
2022-11-21,1.940000057220459,1.9800000190734863,1.8899999856948853,1.9800000190734863,226486544
2022-11-22,1.8700000047683716,2.0199999809265137,1.8700000047683716,1.940000057220459,224557603
2022-11-23,1.840000033378601,1.9600000381469727,1.809999942779541,1.899999976158142,194672932
2022-11-24,1.850000023841858,1.8899999856948853,1.809999942779541,1.8700000047683716,125585343
2022-11-25,1.7699999809265137,1.8600000143051147,1.7400000095367432,1.8600000143051147,179781163
2022-11-28,1.7300000190734863,1.75,1.649999976158142,1.690000057220459,127361253
2022-11-29,1.8300000429153442,1.850000023841858,1.75,1.7799999713897705,194518805
2022-11-30,1.909999966621399,1.9700000286102295,1.840000033378601,1.8600000143051147,333383872
2022-12-01,1.940000057220459,2.0199999809265137,1.9299999475479126,2.0,322595099
2022-12-02,2.009999990463257,2.0199999809265137,1.909999966621399,1.9500000476837158,269401806
2022-12-05,2.130000114440918,2.1700000762939453,2.049999952316284,2.0799999237060547,433124112
2022-12-06,2.059999942779541,2.130000114440918,2.0399999618530273,2.0799999237060547,257201308
2022-12-07,2.200000047683716,2.4600000381469727,2.049999952316284,2.059999942779541,1068823681
2022-12-08,2.369999885559082,2.390000104904175,2.190000057220459,2.259999990463257,480630718
2022-12-09,2.4000000953674316,2.4700000286102295,2.2799999713897705,2.380000114440918,438741684
2022-12-12,2.2799999713897705,2.5399999618530273,2.25,2.3399999141693115,555766521
2022-12-13,2.299999952316284,2.369999885559082,2.259999990463257,2.309999942779541,195626552
2022-12-14,2.2699999809265137,2.3499999046325684,2.190000057220459,2.309999942779541,167940224
2022-12-15,2.140000104904175,2.2699999809265137,2.109999895095825,2.2699999809265137,197369857
2022-12-16,2.119999885559082,2.1600000858306885,2.049999952316284,2.119999885559082,142810098
2022-12-19,2.130000114440918,2.200000047683716,2.0999999046325684,2.130000114440918,90314107
2022-12-20,2.0899999141693115,2.119999885559082,2.049999952316284,2.0999999046325684,79327034
2022-12-21,2.1600000858306885,2.1600000858306885,2.109999895095825,2.109999895095825,72898865
2022-12-22,2.2100000381469727,2.240000009536743,2.1700000762939453,2.2300000190734863,113536000
2022-12-23,2.1600000858306885,2.2100000381469727,2.140000104904175,2.1600000858306885,69796696
2022-12-28,2.2899999618530273,2.309999942779541,2.180000066757202,2.180000066757202,171603294
2022-12-29,2.180000066757202,2.2899999618530273,2.1700000762939453,2.2300000190734863,97706542
2022-12-30,2.2200000286102295,2.25,2.180000066757202,2.25,91203225
2023-01-03,2.190000057220459,2.2200000286102295,2.0799999237060547,2.190000057220459,177542200
2023-01-04,2.299999952316284,2.299999952316284,2.200000047683716,2.2100000381469727,223266000
2023-01-05,2.259999990463257,2.369999885559082,2.259999990463257,2.3499999046325684,129829412
2023-01-06,2.1500000953674316,2.2799999713897705,2.109999895095825,2.2699999809265137,202499415
2023-01-09,2.190000057220459,2.2300000190734863,2.1500000953674316,2.180000066757202,103625583
2023-01-10,2.2100000381469727,2.2100000381469727,2.140000104904175,2.190000057220459,58858000
2023-01-11,2.2200000286102295,2.3399999141693115,2.180000066757202,2.2300000190734863,238437931
2023-01-12,2.1600000858306885,2.25,2.140000104904175,2.25,99939000
2023-01-13,2.2200000286102295,2.2200000286102295,2.1500000953674316,2.1700000762939453,77226097
2023-01-16,2.180000066757202,2.25,2.1700000762939453,2.2300000190734863,67450922
2023-01-17,2.130000114440918,2.190000057220459,2.109999895095825,2.180000066757202,74533316
2023-01-18,2.130000114440918,2.1600000858306885,2.0999999046325684,2.109999895095825,56077456
2023-01-19,2.109999895095825,2.130000114440918,2.0799999237060547,2.109999895095825,36174000
2023-01-20,2.1700000762939453,2.1700000762939453,2.0999999046325684,2.0999999046325684,54438102
2023-01-26,2.259999990463257,2.2699999809265137,2.190000057220459,2.200000047683716,105498034
2023-01-27,2.7100000381469727,2.740000009536743,2.309999942779541,2.3399999141693115,1203562923
2023-01-30,2.75,2.8499999046325684,2.5899999141693115,2.7200000286102295,1072414377
2023-01-31,2.8399999141693115,2.8399999141693115,2.619999885559082,2.7799999713897705,560587642
2023-02-01,2.940000057220459,3.0999999046325684,2.859999895095825,2.890000104904175,984739379
2023-02-02,2.7300000190734863,3.069999933242798,2.7100000381469727,3.0,659207273
2023-02-03,2.819999933242798,2.880000114440918,2.740000009536743,2.740000009536743,458001913
2023-02-06,3.0,3.0299999713897705,2.75,2.7899999618530273,925381919
2023-02-07,2.880000114440918,3.059999942779541,2.859999895095825,2.990000009536743,712889498
2023-02-08,2.690000057220459,2.880000114440918,2.680000066757202,2.869999885559082,449184876
2023-02-09,2.7799999713897705,2.799999952316284,2.609999895095825,2.6500000953674316,351877084
2023-02-10,2.690000057220459,2.809999942779541,2.680000066757202,2.75,192803736
2023-02-13,2.6700000762939453,2.7100000381469727,2.5999999046325684,2.6600000858306885,260663499
2023-02-14,2.740000009536743,2.7899999618530273,2.700000047683716,2.7300000190734863,169532565
2023-02-15,2.7300000190734863,2.859999895095825,2.690000057220459,2.7799999713897705,305886816
2023-02-16,2.6500000953674316,2.819999933242798,2.630000114440918,2.759999990463257,230422236
2023-02-17,2.5,2.700000047683716,2.4800000190734863,2.6600000858306885,319362002
2023-02-20,2.4800000190734863,2.559999942779541,2.4600000381469727,2.5,190971467
2023-02-21,2.490000009536743,2.569999933242798,2.4800000190734863,2.5,160458579
2023-02-22,2.4200000762939453,2.490000009536743,2.369999885559082,2.4600000381469727,190806545
2023-02-23,2.4000000953674316,2.4600000381469727,2.380000114440918,2.440000057220459,133089941
2023-02-24,2.509999990463257,2.559999942779541,2.390000104904175,2.4000000953674316,265620000
2023-02-27,2.5399999618530273,2.5799999237060547,2.4600000381469727,2.4800000190734863,189323271
2023-02-28,2.5199999809265137,2.609999895095825,2.4600000381469727,2.5799999237060547,163908391
2023-03-01,2.7100000381469727,2.7300000190734863,2.5399999618530273,2.5399999618530273,375183131
2023-03-02,2.7100000381469727,2.740000009536743,2.6600000858306885,2.690000057220459,181025299
2023-03-03,2.690000057220459,2.759999990463257,2.630000114440918,2.740000009536743,145916568
2023-03-06,2.6600000858306885,2.7100000381469727,2.5799999237060547,2.6700000762939453,142731248
2023-03-07,2.5299999713897705,2.700000047683716,2.5,2.6500000953674316,206795311
2023-03-08,2.5,2.509999990463257,2.4000000953674316,2.5,180698985
2023-03-09,2.509999990463257,2.5399999618530273,2.450000047683716,2.5,84865106
2023-03-10,2.509999990463257,2.5399999618530273,2.440000057220459,2.450000047683716,161239628
2023-03-13,2.5199999809265137,2.5899999141693115,2.4700000286102295,2.5199999809265137,136978184
2023-03-14,2.4800000190734863,2.5899999141693115,2.450000047683716,2.5299999713897705,173574524
2023-03-15,2.549999952316284,2.5999999046325684,2.5,2.559999942779541,147156001
2023-03-16,2.4700000286102295,2.5799999237060547,2.440000057220459,2.5199999809265137,129983761
2023-03-17,2.7300000190734863,2.7300000190734863,2.5199999809265137,2.5399999618530273,1088308973
2023-03-20,2.6600000858306885,2.740000009536743,2.609999895095825,2.7200000286102295,271231440
2023-03-21,2.680000066757202,2.700000047683716,2.630000114440918,2.700000047683716,132414676
2023-03-22,2.680000066757202,2.740000009536743,2.6700000762939453,2.700000047683716,154544405
2023-03-23,2.880000114440918,2.890000104904175,2.680000066757202,2.700000047683716,584538175
2023-03-24,2.9000000953674316,2.9200000762939453,2.7699999809265137,2.869999885559082,343360484
2023-03-27,2.809999942779541,2.9800000190734863,2.799999952316284,2.950000047683716,321510191
2023-03-28,2.680000066757202,2.8299999237060547,2.640000104904175,2.809999942779541,291819143
2023-03-29,2.619999885559082,2.759999990463257,2.559999942779541,2.7200000286102295,311266838
2023-03-30,2.640000104904175,2.7699999809265137,2.5999999046325684,2.640000104904175,311414333
2023-03-31,2.6600000858306885,2.680000066757202,2.5799999237060547,2.680000066757202,196747014
2023-04-03,2.890000104904175,2.9000000953674316,2.6500000953674316,2.6500000953674316,647546083
2023-04-04,3.259999990463257,3.4000000953674316,3.059999942779541,3.119999885559082,1974669090
2023-04-06,3.3299999237060547,3.5,3.109999895095825,3.130000114440918,1758553824
2023-04-11,3.299999952316284,3.700000047683716,3.130000114440918,3.619999885559082,1544666050
2023-04-12,3.1600000858306885,3.5199999809265137,3.0999999046325684,3.3399999141693115,1188413928
2023-04-13,2.9200000762939453,3.1700000762939453,2.9000000953674316,3.109999895095825,722205399
2023-04-14,2.930000066757202,2.990000009536743,2.799999952316284,2.9700000286102295,463555095
2023-04-17,2.809999942779541,2.930000066757202,2.759999990463257,2.9200000762939453,488935388
2023-04-18,2.7699999809265137,2.819999933242798,2.700000047683716,2.7899999618530273,371298377
2023-04-19,2.7300000190734863,2.8299999237060547,2.7100000381469727,2.759999990463257,306102769
2023-04-20,2.7300000190734863,2.799999952316284,2.7100000381469727,2.7300000190734863,345223897
2023-04-21,2.4200000762939453,2.740000009536743,2.380000114440918,2.7200000286102295,982277628
2023-04-24,2.4800000190734863,2.5399999618530273,2.4000000953674316,2.4200000762939453,272524400
2023-04-25,2.4200000762939453,2.5,2.380000114440918,2.4800000190734863,203032588
2023-04-26,2.440000057220459,2.4700000286102295,2.4000000953674316,2.4000000953674316,181232044
2023-04-27,2.4800000190734863,2.5,2.4000000953674316,2.450000047683716,146435231
2023-04-28,2.5999999046325684,2.630000114440918,2.5,2.509999990463257,241357367
2023-05-02,2.569999933242798,2.6700000762939453,2.5399999618530273,2.609999895095825,89315265
2023-05-03,2.569999933242798,2.5899999141693115,2.490000009536743,2.5199999809265137,79971511
2023-05-04,2.5999999046325684,2.640000104904175,2.559999942779541,2.5799999237060547,103519000
2023-05-05,2.5899999141693115,2.6500000953674316,2.559999942779541,2.5999999046325684,138226752
2023-05-08,2.430000066757202,2.509999990463257,2.4000000953674316,2.5,305788155
2023-05-09,2.2699999809265137,2.430000066757202,2.2200000286102295,2.430000066757202,426338139
2023-05-10,2.309999942779541,2.3499999046325684,2.2699999809265137,2.2799999713897705,144993864
2023-05-11,2.2799999713897705,2.319999933242798,2.259999990463257,2.309999942779541,88570757
2023-05-12,2.2799999713897705,2.3399999141693115,2.2799999713897705,2.309999942779541,94392000
2023-05-15,2.25,2.2899999618530273,2.190000057220459,2.25,165258041
2023-05-16,2.2200000286102295,2.2899999618530273,2.200000047683716,2.2799999713897705,91819500
2023-05-17,2.1700000762939453,2.25,2.1600000858306885,2.2300000190734863,95645306
2023-05-18,2.240000009536743,2.299999952316284,2.180000066757202,2.200000047683716,161983336
2023-05-19,2.2100000381469727,2.25,2.190000057220459,2.240000009536743,76022622
2023-05-22,2.2300000190734863,2.259999990463257,2.2100000381469727,2.2100000381469727,70511284
2023-05-23,2.190000057220459,2.259999990463257,2.190000057220459,2.25,61023924
2023-05-24,2.0799999237060547,2.180000066757202,2.069999933242798,2.180000066757202,178269851
2023-05-25,2.0999999046325684,2.130000114440918,2.0399999618530273,2.069999933242798,139160586
2023-05-29,2.1500000953674316,2.2200000286102295,2.119999885559082,2.1500000953674316,161472864
2023-05-30,2.190000057220459,2.200000047683716,2.0999999046325684,2.1500000953674316,114365188
2023-05-31,2.0999999046325684,2.180000066757202,2.059999942779541,2.1600000858306885,149630990
2023-06-01,2.119999885559082,2.2100000381469727,2.069999933242798,2.0999999046325684,226533726
2023-06-02,2.200000047683716,2.2300000190734863,2.1600000858306885,2.200000047683716,353429311
2023-06-05,2.180000066757202,2.259999990463257,2.1600000858306885,2.240000009536743,207803368
2023-06-06,2.119999885559082,2.200000047683716,2.0999999046325684,2.1600000858306885,165222190
2023-06-07,2.140000104904175,2.180000066757202,2.119999885559082,2.180000066757202,121138009
2023-06-08,2.109999895095825,2.140000104904175,2.0799999237060547,2.119999885559082,82613206
2023-06-09,2.180000066757202,2.190000057220459,2.069999933242798,2.119999885559082,155082160
2023-06-12,2.1700000762939453,2.200000047683716,2.1500000953674316,2.180000066757202,68507209
2023-06-13,2.3299999237060547,2.3399999141693115,2.1500000953674316,2.1600000858306885,423000833
2023-06-14,2.259999990463257,2.359999895095825,2.2300000190734863,2.359999895095825,267225721
2023-06-15,2.2799999713897705,2.319999933242798,2.240000009536743,2.2899999618530273,212040530
2023-06-16,2.2899999618530273,2.3299999237060547,2.259999990463257,2.2899999618530273,294560671
2023-06-19,2.2799999713897705,2.359999895095825,2.2200000286102295,2.2699999809265137,231286721
2023-06-20,2.25,2.299999952316284,2.2100000381469727,2.2799999713897705,142439942
2023-06-21,2.109999895095825,2.240000009536743,2.0999999046325684,2.2200000286102295,210600072
2023-06-23,2.0999999046325684,2.140000104904175,2.0799999237060547,2.140000104904175,70591216
2023-06-26,2.130000114440918,2.140000104904175,2.049999952316284,2.0999999046325684,150653004
2023-06-27,2.130000114440918,2.1600000858306885,2.119999885559082,2.130000114440918,98227187
2023-06-28,2.1500000953674316,2.1600000858306885,2.069999933242798,2.130000114440918,137174982
2023-06-29,2.109999895095825,2.1600000858306885,2.0899999141693115,2.1500000953674316,95245987
2023-06-30,2.069999933242798,2.119999885559082,2.069999933242798,2.109999895095825,144570405
2023-07-03,2.180000066757202,2.2300000190734863,2.0899999141693115,2.0999999046325684,229993134
2023-07-04,1.9900000095367432,2.1600000858306885,1.9700000286102295,2.1600000858306885,1778669753
2023-07-05,1.899999976158142,2.0,1.8700000047683716,1.9900000095367432,394783340
2023-07-06,1.8899999856948853,1.940000057220459,1.8600000143051147,1.899999976158142,255191000
2023-07-07,1.8700000047683716,1.9199999570846558,1.8600000143051147,1.8899999856948853,230194726
2023-07-10,1.8700000047683716,1.9299999475479126,1.8700000047683716,1.909999966621399,87416156
2023-07-11,1.7899999618530273,1.8899999856948853,1.7799999713897705,1.8899999856948853,235544854
2023-07-12,1.7899999618530273,1.850000023841858,1.7799999713897705,1.7999999523162842,163251742
2023-07-13,1.9299999475479126,1.940000057220459,1.809999942779541,1.8300000429153442,348341266
2023-07-14,1.9199999570846558,1.9600000381469727,1.8899999856948853,1.940000057220459,156203500
2023-07-18,1.7999999523162842,1.899999976158142,1.7999999523162842,1.899999976158142,203509000
2023-07-19,1.7899999618530273,1.8300000429153442,1.7799999713897705,1.7999999523162842,172777380
2023-07-20,1.690000057220459,1.8200000524520874,1.6799999475479126,1.7999999523162842,260853421
2023-07-21,1.7200000286102295,1.840000033378601,1.6100000143051147,1.6399999856948853,1797337507
2023-07-24,1.6799999475479126,1.75,1.6699999570846558,1.7200000286102295,206826000
2023-07-25,1.7699999809265137,1.7899999618530273,1.7100000381469727,1.7300000190734863,261003524
2023-07-26,1.7599999904632568,1.7899999618530273,1.7300000190734863,1.7699999809265137,130676075
2023-07-27,1.7999999523162842,1.809999942779541,1.7599999904632568,1.7699999809265137,205896234
2023-07-28,1.8200000524520874,1.840000033378601,1.75,1.7599999904632568,275794242
2023-07-31,1.850000023841858,1.909999966621399,1.840000033378601,1.850000023841858,312106453
2023-08-01,1.8200000524520874,1.8799999952316284,1.7999999523162842,1.8700000047683716,203759351
2023-08-02,1.7599999904632568,1.8300000429153442,1.75,1.7999999523162842,138247000
2023-08-03,1.7599999904632568,1.7899999618530273,1.7400000095367432,1.75,106487612
2023-08-04,1.7599999904632568,1.809999942779541,1.75,1.7899999618530273,95853486
2023-08-07,1.7000000476837158,1.7400000095367432,1.690000057220459,1.7400000095367432,140479858
2023-08-08,1.6799999475479126,1.7200000286102295,1.6699999570846558,1.6799999475479126,105572398
2023-08-09,1.690000057220459,1.7000000476837158,1.659999966621399,1.6699999570846558,61347069
2023-08-10,1.649999976158142,1.6799999475479126,1.6200000047683716,1.6799999475479126,108858766
2023-08-11,1.590000033378601,1.649999976158142,1.559999942779541,1.649999976158142,167458347
2023-08-14,1.6100000143051147,1.6200000047683716,1.5,1.5399999618530273,115743195
2023-08-15,1.5700000524520874,1.6200000047683716,1.5499999523162842,1.6100000143051147,80265605
2023-08-16,1.5199999809265137,1.5700000524520874,1.5099999904632568,1.5499999523162842,148872400
2023-08-17,1.5499999523162842,1.559999942779541,1.5,1.5,130352475
2023-08-18,1.5099999904632568,1.559999942779541,1.5,1.5499999523162842,79485000
2023-08-21,1.4900000095367432,1.5199999809265137,1.4800000190734863,1.5099999904632568,144497217
2023-08-22,1.5199999809265137,1.5299999713897705,1.4700000286102295,1.4900000095367432,96593977
2023-08-23,1.5,1.5299999713897705,1.4800000190734863,1.5199999809265137,68374535
2023-08-24,1.5700000524520874,1.5800000429153442,1.5,1.5099999904632568,154890544
2023-08-25,1.5299999713897705,1.5499999523162842,1.5099999904632568,1.5399999618530273,61772602
2023-08-28,1.5,1.600000023841858,1.5,1.5800000429153442,125778749
2023-08-29,1.5399999618530273,1.5499999523162842,1.3700000047683716,1.5099999904632568,302465176
2023-08-30,1.5099999904632568,1.5800000429153442,1.4800000190734863,1.5700000524520874,220729000
2023-08-31,1.559999942779541,1.6200000047683716,1.5299999713897705,1.559999942779541,323774463
2023-09-04,1.6799999475479126,1.7100000381469727,1.5700000524520874,1.5800000429153442,466065055
2023-09-05,1.600000023841858,1.6799999475479126,1.5499999523162842,1.6799999475479126,270679011
2023-09-06,1.590000033378601,1.6100000143051147,1.5399999618530273,1.590000033378601,184688000
2023-09-07,1.5099999904632568,1.5800000429153442,1.5,1.5800000429153442,131681419
2023-09-11,1.5499999523162842,1.5499999523162842,1.4500000476837158,1.4800000190734863,145276932
2023-09-12,1.5,1.5499999523162842,1.4900000095367432,1.5499999523162842,93017253
2023-09-13,1.4800000190734863,1.5199999809265137,1.4700000286102295,1.5099999904632568,73390054
2023-09-14,1.4800000190734863,1.5,1.4700000286102295,1.4900000095367432,55785308
2023-09-15,1.4900000095367432,1.5099999904632568,1.4299999475479126,1.4900000095367432,133916552
2023-09-18,1.4600000381469727,1.4900000095367432,1.4500000476837158,1.4700000286102295,73766052
2023-09-19,1.440000057220459,1.4700000286102295,1.4299999475479126,1.4500000476837158,64351720
2023-09-20,1.409999966621399,1.4299999475479126,1.399999976158142,1.4299999475479126,81528180
2023-09-21,1.3799999952316284,1.4199999570846558,1.3700000047683716,1.399999976158142,100124087
2023-09-22,1.4500000476837158,1.4500000476837158,1.3600000143051147,1.3700000047683716,148490051
2023-09-25,1.4199999570846558,1.4700000286102295,1.4199999570846558,1.440000057220459,59966046
2023-09-26,1.4199999570846558,1.4600000381469727,1.399999976158142,1.4299999475479126,99521200
2023-09-27,1.3899999856948853,1.440000057220459,1.3799999952316284,1.4299999475479126,110549633
2023-09-28,1.3700000047683716,1.4199999570846558,1.3700000047683716,1.3899999856948853,85163731
2023-09-29,1.4299999475479126,1.440000057220459,1.3799999952316284,1.3899999856948853,77852980
2023-10-03,1.3700000047683716,1.4199999570846558,1.350000023841858,1.409999966621399,54054238
2023-10-04,1.3200000524520874,1.3700000047683716,1.309999942779541,1.3700000047683716,50426956
2023-10-05,1.340000033378601,1.3700000047683716,1.3200000524520874,1.3300000429153442,66078000
2023-10-06,1.4299999475479126,1.4299999475479126,1.350000023841858,1.3600000143051147,74446724
2023-10-09,1.409999966621399,1.4600000381469727,1.399999976158142,1.4600000381469727,76104151
2023-10-10,1.4199999570846558,1.4500000476837158,1.409999966621399,1.409999966621399,81160000
2023-10-11,1.4700000286102295,1.4900000095367432,1.4299999475479126,1.4500000476837158,159310100
2023-10-12,1.4800000190734863,1.5,1.4600000381469727,1.5,102053341
2023-10-13,1.440000057220459,1.4700000286102295,1.4299999475479126,1.4600000381469727,90165824
2023-10-16,1.4299999475479126,1.4500000476837158,1.399999976158142,1.440000057220459,64514000
2023-10-17,1.4299999475479126,1.4500000476837158,1.399999976158142,1.4500000476837158,58110218
2023-10-18,1.409999966621399,1.4299999475479126,1.3899999856948853,1.4199999570846558,61998318
2023-10-19,1.399999976158142,1.4299999475479126,1.3799999952316284,1.399999976158142,68361000
2023-10-20,1.3799999952316284,1.399999976158142,1.3700000047683716,1.399999976158142,70971282
2023-10-24,1.350000023841858,1.3899999856948853,1.340000033378601,1.3799999952316284,77251643
2023-10-25,1.3899999856948853,1.4299999475479126,1.3700000047683716,1.399999976158142,89839374
2023-10-26,1.3799999952316284,1.409999966621399,1.3600000143051147,1.3799999952316284,68292490
2023-10-27,1.399999976158142,1.4199999570846558,1.3700000047683716,1.3899999856948853,123554920
2023-10-30,1.4199999570846558,1.4600000381469727,1.399999976158142,1.399999976158142,206042982
2023-10-31,1.399999976158142,1.4299999475479126,1.3799999952316284,1.4199999570846558,87377398
2023-11-01,1.399999976158142,1.409999966621399,1.3799999952316284,1.399999976158142,74727898
2023-11-02,1.3899999856948853,1.4299999475479126,1.3799999952316284,1.409999966621399,96890224
2023-11-03,1.4199999570846558,1.4600000381469727,1.3899999856948853,1.409999966621399,296085090
2023-11-06,1.5299999713897705,1.5399999618530273,1.4299999475479126,1.4500000476837158,297720405
2023-11-07,1.5399999618530273,1.559999942779541,1.5,1.5099999904632568,154341576
2023-11-08,1.5299999713897705,1.5700000524520874,1.5199999809265137,1.5499999523162842,149533978
2023-11-09,1.4900000095367432,1.559999942779541,1.4800000190734863,1.5299999713897705,103569000
2023-11-10,1.440000057220459,1.4800000190734863,1.4299999475479126,1.4700000286102295,98441429
2023-11-13,1.5299999713897705,1.5399999618530273,1.4600000381469727,1.4600000381469727,115273475
2023-11-14,1.5399999618530273,1.5499999523162842,1.5,1.5299999713897705,98570422
2023-11-15,1.559999942779541,1.600000023841858,1.5299999713897705,1.5800000429153442,155917142
2023-11-16,1.5199999809265137,1.5700000524520874,1.5099999904632568,1.5700000524520874,98957460
2023-11-17,1.4800000190734863,1.5199999809265137,1.4700000286102295,1.5,91563394
2023-11-20,1.5499999523162842,1.5499999523162842,1.4800000190734863,1.5,146938022
2023-11-21,1.5,1.5700000524520874,1.4800000190734863,1.5700000524520874,142751903
2023-11-22,1.4700000286102295,1.5,1.4700000286102295,1.4900000095367432,79782000
2023-11-23,1.5199999809265137,1.5299999713897705,1.4600000381469727,1.4800000190734863,142852717
2023-11-24,1.4600000381469727,1.5199999809265137,1.4600000381469727,1.5099999904632568,115455410
2023-11-27,1.440000057220459,1.4700000286102295,1.4299999475479126,1.4700000286102295,69578888
2023-11-28,1.3700000047683716,1.4500000476837158,1.2999999523162842,1.440000057220459,467256478
2023-11-29,1.3600000143051147,1.3799999952316284,1.3300000429153442,1.3700000047683716,126664467
2023-11-30,1.3600000143051147,1.3700000047683716,1.3300000429153442,1.3600000143051147,93036157
2023-12-01,1.3799999952316284,1.3899999856948853,1.340000033378601,1.3600000143051147,126170000
2023-12-04,1.3600000143051147,1.399999976158142,1.340000033378601,1.3899999856948853,98712598
2023-12-05,1.3200000524520874,1.3600000143051147,1.309999942779541,1.350000023841858,109778070
2023-12-06,1.2899999618530273,1.340000033378601,1.25,1.3200000524520874,179337084
2023-12-07,1.2799999713897705,1.2999999523162842,1.25,1.2799999713897705,108585163
2023-12-08,1.2899999618530273,1.3300000429153442,1.2699999809265137,1.2999999523162842,162711586
2023-12-11,1.25,1.2899999618530273,1.2300000190734863,1.2899999618530273,129996200
2023-12-12,1.2400000095367432,1.2699999809265137,1.2300000190734863,1.2599999904632568,95898482
2023-12-13,1.2200000286102295,1.2400000095367432,1.2000000476837158,1.2400000095367432,113805218
2023-12-14,1.2200000286102295,1.25,1.2100000381469727,1.2400000095367432,113148310
2023-12-15,1.2599999904632568,1.2899999618530273,1.2400000095367432,1.2400000095367432,240945221
2023-12-18,1.1200000047683716,1.149999976158142,1.0299999713897705,1.0800000429153442,555938208
2023-12-19,1.1200000047683716,1.1699999570846558,1.1100000143051147,1.1200000047683716,158636000
2023-12-20,1.149999976158142,1.1799999475479126,1.1299999952316284,1.1299999952316284,152473744
2023-12-21,1.149999976158142,1.1699999570846558,1.1299999952316284,1.1399999856948853,114238238
2023-12-22,1.0800000429153442,1.1699999570846558,1.0800000429153442,1.1699999570846558,211134263
2023-12-27,1.090000033378601,1.1200000047683716,1.059999942779541,1.090000033378601,156574108
2023-12-28,1.149999976158142,1.1699999570846558,1.090000033378601,1.100000023841858,188964048
2023-12-29,1.159999966621399,1.1699999570846558,1.1399999856948853,1.149999976158142,88631179
2024-01-02,1.159999966621399,1.190000057220459,1.1399999856948853,1.1799999475479126,82320356
2024-01-03,1.1200000047683716,1.159999966621399,1.1100000143051147,1.1399999856948853,105815515
2024-01-04,1.100000023841858,1.1299999952316284,1.090000033378601,1.1200000047683716,59360000
2024-01-05,1.090000033378601,1.1200000047683716,1.0800000429153442,1.100000023841858,64045076
2024-01-08,1.0299999713897705,1.090000033378601,1.0199999809265137,1.090000033378601,106380936
2024-01-09,1.0499999523162842,1.0700000524520874,1.0299999713897705,1.0399999618530273,91529589
2024-01-10,1.0199999809265137,1.059999942779541,1.0199999809265137,1.0499999523162842,132758038
2024-01-11,1.0499999523162842,1.0700000524520874,1.0199999809265137,1.0299999713897705,127991000
2024-01-12,1.0499999523162842,1.0700000524520874,1.0399999618530273,1.0499999523162842,58925343
2024-01-15,1.0499999523162842,1.0499999523162842,1.0499999523162842,1.0499999523162842,0
2024-01-16,1.0299999713897705,1.0700000524520874,1.0299999713897705,1.0499999523162842,72366906
2024-01-17,0.9100000262260437,1.0299999713897705,0.9100000262260437,1.0299999713897705,345373123
2024-01-18,0.9100000262260437,0.9399999976158142,0.8899999856948853,0.9100000262260437,205630067
2024-01-19,0.8899999856948853,0.9300000071525574,0.8700000047683716,0.9100000262260437,187838293
2024-01-22,0.8299999833106995,0.8999999761581421,0.8199999928474426,0.8899999856948853,255766956
2024-01-23,0.9100000262260437,0.9300000071525574,0.8299999833106995,0.8399999737739563,259019500
2024-01-24,0.9200000166893005,0.9300000071525574,0.8799999952316284,0.9200000166893005,260550000
2024-01-25,0.9200000166893005,0.9300000071525574,0.8899999856948853,0.9300000071525574,144760000
2024-01-26,0.8700000047683716,0.9200000166893005,0.8700000047683716,0.9100000262260437,159118354
2024-01-29,0.8700000047683716,0.8999999761581421,0.8600000143051147,0.8700000047683716,167177510
2024-01-30,0.8399999737739563,0.8700000047683716,0.8299999833106995,0.8700000047683716,135091448
2024-01-31,0.7900000214576721,0.8500000238418579,0.7799999713897705,0.8299999833106995,198617487
2024-02-01,0.7900000214576721,0.8299999833106995,0.7900000214576721,0.800000011920929,180197658
2024-02-02,0.7799999713897705,0.8399999737739563,0.7599999904632568,0.8100000023841858,262312096
2024-02-05,0.7799999713897705,0.8199999928474426,0.7599999904632568,0.7699999809265137,187944946
2024-02-06,0.8600000143051147,0.8799999952316284,0.7799999713897705,0.7799999713897705,530532330
2024-02-07,0.8299999833106995,0.8799999952316284,0.8199999928474426,0.8799999952316284,251851486
2024-02-08,0.8600000143051147,0.8799999952316284,0.8299999833106995,0.8299999833106995,159421000
2024-02-09,0.8199999928474426,0.8199999928474426,0.8199999928474426,0.8199999928474426,0
2024-02-14,0.800000011920929,0.8500000238418579,0.7799999713897705,0.8100000023841858,225589304
2024-02-15,0.800000011920929,0.8199999928474426,0.7799999713897705,0.8100000023841858,131520000
2024-02-16,0.8500000238418579,0.8600000143051147,0.800000011920929,0.800000011920929,176692765
2024-02-19,0.8600000143051147,0.9100000262260437,0.8500000238418579,0.8799999952316284,421098247
2024-02-20,0.8500000238418579,0.8700000047683716,0.8299999833106995,0.8600000143051147,158966000
2024-02-21,0.9100000262260437,0.9399999976158142,0.8299999833106995,0.8399999737739563,483218571
2024-02-22,0.9300000071525574,0.9300000071525574,0.8999999761581421,0.9200000166893005,234971000
2024-02-23,0.9300000071525574,0.9599999785423279,0.9100000262260437,0.9300000071525574,272521864
2024-02-26,0.9200000166893005,0.9599999785423279,0.9100000262260437,0.9300000071525574,223728589
2024-02-27,0.9599999785423279,0.9700000286102295,0.8799999952316284,0.9200000166893005,356006639
2024-02-28,0.8999999761581421,0.9900000095367432,0.8899999856948853,0.9700000286102295,450962000
2024-02-29,0.8999999761581421,0.9399999976158142,0.8899999856948853,0.8899999856948853,268682551
2024-03-01,0.8899999856948853,0.9100000262260437,0.8799999952316284,0.8999999761581421,284595848
2024-03-04,0.8899999856948853,0.9300000071525574,0.8899999856948853,0.8999999761581421,230878307
2024-03-05,0.8299999833106995,0.8899999856948853,0.8199999928474426,0.8799999952316284,366845043
2024-03-06,0.8399999737739563,0.8600000143051147,0.8199999928474426,0.8399999737739563,245277966
2024-03-07,0.8299999833106995,0.8899999856948853,0.8299999833106995,0.8399999737739563,478041264
2024-03-08,0.8600000143051147,0.8700000047683716,0.8299999833106995,0.8399999737739563,260678600
2024-03-11,0.9100000262260437,0.9100000262260437,0.8600000143051147,0.8700000047683716,356144941
2024-03-12,0.9200000166893005,0.9300000071525574,0.8999999761581421,0.9200000166893005,380409512
2024-03-13,0.8899999856948853,0.9399999976158142,0.8799999952316284,0.9200000166893005,372736064
2024-03-14,0.8500000238418579,0.8999999761581421,0.8399999737739563,0.8899999856948853,278820442
2024-03-15,0.8399999737739563,0.8500000238418579,0.8199999928474426,0.8399999737739563,270238349
2024-03-18,0.8399999737739563,0.8500000238418579,0.8299999833106995,0.8500000238418579,172432000
2024-03-19,0.8199999928474426,0.8500000238418579,0.8199999928474426,0.8399999737739563,165738466
2024-03-20,0.8199999928474426,0.8399999737739563,0.8199999928474426,0.8199999928474426,132436250
2024-03-21,0.8399999737739563,0.8700000047683716,0.8299999833106995,0.8399999737739563,296242900
2024-03-22,0.800000011920929,0.8500000238418579,0.800000011920929,0.8399999737739563,338619000
2024-03-25,0.7799999713897705,0.8100000023841858,0.7799999713897705,0.8100000023841858,272750000
2024-03-26,0.7799999713897705,0.7900000214576721,0.7599999904632568,0.7799999713897705,218827641
2024-03-27,0.699999988079071,0.7900000214576721,0.699999988079071,0.7900000214576721,528954158
2024-03-28,0.7099999785423279,0.7400000095367432,0.699999988079071,0.699999988079071,398119944
2024-04-02,0.7300000190734863,0.7400000095367432,0.7099999785423279,0.7099999785423279,363877325
2024-04-03,0.6800000071525574,0.7400000095367432,0.6800000071525574,0.7300000190734863,328348105
2024-04-05,0.6499999761581421,0.6899999976158142,0.6200000047683716,0.6800000071525574,344724762
2024-04-08,0.6499999761581421,0.6800000071525574,0.6399999856948853,0.6600000262260437,251905027
2024-04-09,0.6700000166893005,0.6800000071525574,0.6499999761581421,0.6499999761581421,203057598
2024-04-10,0.6800000071525574,0.699999988079071,0.6700000166893005,0.6800000071525574,250125000
2024-04-11,0.6800000071525574,0.699999988079071,0.6600000262260437,0.6700000166893005,279220000
2024-04-12,0.6600000262260437,0.7099999785423279,0.6600000262260437,0.6800000071525574,253072741
2024-04-15,0.6200000047683716,0.6600000262260437,0.6100000143051147,0.6499999761581421,452188874
2024-04-16,0.5899999737739563,0.6200000047683716,0.5799999833106995,0.6100000143051147,345885649
2024-04-17,0.6200000047683716,0.6200000047683716,0.5799999833106995,0.5899999737739563,213971917
2024-04-18,0.6100000143051147,0.6299999952316284,0.6000000238418579,0.6200000047683716,209368488
2024-04-19,0.5799999833106995,0.6100000143051147,0.5799999833106995,0.6100000143051147,239035391
2024-04-22,0.6000000238418579,0.6100000143051147,0.5799999833106995,0.5799999833106995,295003270
2024-04-23,0.6100000143051147,0.6299999952316284,0.6000000238418579,0.6100000143051147,225069092
2024-04-24,0.800000011920929,0.800000011920929,0.800000011920929,0.800000011920929,0
2024-04-25,0.8299999833106995,0.9599999785423279,0.8199999928474426,0.9399999976158142,2208419574
2024-04-26,1.190000057220459,1.2300000190734863,0.8399999737739563,0.8399999737739563,3971252740
2024-04-29,1.2100000381469727,1.3200000524520874,1.159999966621399,1.2200000286102295,2816817334
2024-04-30,1.2200000286102295,1.2799999713897705,1.1100000143051147,1.25,1806558823
2024-05-02,1.659999966621399,1.6799999475479126,1.190000057220459,1.2100000381469727,2031402871
2024-05-03,1.600000023841858,1.7599999904632568,1.5399999618530273,1.7599999904632568,1045974897
2024-05-06,1.6799999475479126,1.7300000190734863,1.5099999904632568,1.5800000429153442,1966585415
2024-05-07,1.649999976158142,1.7699999809265137,1.6299999952316284,1.7000000476837158,1074469478
2024-05-08,1.409999966621399,1.7400000095367432,1.3799999952316284,1.6799999475479126,2845195012
2024-05-09,1.4500000476837158,1.4900000095367432,1.399999976158142,1.4199999570846558,1147183046
2024-05-10,1.4700000286102295,1.5,1.340000033378601,1.4700000286102295,1661540088
2024-05-13,1.4600000381469727,1.5499999523162842,1.4199999570846558,1.4800000190734863,1026484868
2024-05-14,1.4500000476837158,1.5399999618530273,1.4199999570846558,1.5,814317750
2024-05-16,1.3799999952316284,1.4800000190734863,1.3700000047683716,1.4700000286102295,798703861
2024-05-17,1.399999976158142,1.440000057220459,1.3600000143051147,1.3899999856948853,743348091
2024-05-20,1.5700000524520874,1.600000023841858,1.3799999952316284,1.399999976158142,2144055967
2024-05-21,1.5,1.590000033378601,1.5,1.559999942779541,804198208
2024-05-22,1.4800000190734863,1.5299999713897705,1.4600000381469727,1.5199999809265137,543364070
2024-05-23,1.4800000190734863,1.5499999523162842,1.4700000286102295,1.5,710595870
2024-05-24,1.399999976158142,1.5199999809265137,1.3700000047683716,1.4900000095367432,698671000
2024-05-27,1.3700000047683716,1.4199999570846558,1.2899999618530273,1.399999976158142,795211000
2024-05-28,1.309999942779541,1.399999976158142,1.2999999523162842,1.3899999856948853,518067400
2024-05-29,1.3700000047683716,1.4600000381469727,1.2699999809265137,1.309999942779541,1126829180
2024-05-30,1.3600000143051147,1.399999976158142,1.350000023841858,1.3700000047683716,368399237
2024-05-31,1.3200000524520874,1.4199999570846558,1.309999942779541,1.3799999952316284,467158001
2024-06-03,1.3600000143051147,1.3799999952316284,1.3200000524520874,1.3300000429153442,327944937
2024-06-04,1.3899999856948853,1.4199999570846558,1.350000023841858,1.3600000143051147,419527038
2024-06-05,1.3799999952316284,1.4500000476837158,1.3700000047683716,1.3899999856948853,611280172
2024-06-06,1.4800000190734863,1.5,1.3799999952316284,1.399999976158142,1090937004
2024-06-07,1.4500000476837158,1.5099999904632568,1.440000057220459,1.4900000095367432,713634425
2024-06-11,1.399999976158142,1.4500000476837158,1.3799999952316284,1.440000057220459,425986449
2024-06-12,1.399999976158142,1.4299999475479126,1.3700000047683716,1.3899999856948853,314054824
2024-06-13,1.3799999952316284,1.4299999475479126,1.3700000047683716,1.4199999570846558,231687150
2024-06-14,1.350000023841858,1.3899999856948853,1.3300000429153442,1.3700000047683716,368397094
2024-06-17,1.3300000429153442,1.3600000143051147,1.3200000524520874,1.340000033378601,261704273
2024-06-18,1.340000033378601,1.3799999952316284,1.3200000524520874,1.340000033378601,250753835
2024-06-19,1.4299999475479126,1.4600000381469727,1.350000023841858,1.350000023841858,881205463
2024-06-20,1.3200000524520874,1.4500000476837158,1.3200000524520874,1.440000057220459,682439824
2024-06-21,1.3600000143051147,1.3700000047683716,1.2300000190734863,1.2599999904632568,928393094
2024-06-24,1.3700000047683716,1.3799999952316284,1.3200000524520874,1.3700000047683716,324083454
2024-06-25,1.3700000047683716,1.3899999856948853,1.3600000143051147,1.3700000047683716,234969513
2024-06-26,1.399999976158142,1.440000057220459,1.3300000429153442,1.3700000047683716,709706351
2024-06-27,1.340000033378601,1.409999966621399,1.3300000429153442,1.399999976158142,414122643
2024-06-28,1.3200000524520874,1.3700000047683716,1.3200000524520874,1.3300000429153442,380102160
2024-07-02,1.3799999952316284,1.409999966621399,1.309999942779541,1.3200000524520874,467656043
2024-07-03,1.6200000047683716,1.6200000047683716,1.409999966621399,1.409999966621399,2307391463
2024-07-04,1.6100000143051147,1.6699999570846558,1.559999942779541,1.659999966621399,893116821
2024-07-05,1.350000023841858,1.6299999952316284,1.350000023841858,1.6100000143051147,1865623129
2024-07-08,1.309999942779541,1.3899999856948853,1.2799999713897705,1.3600000143051147,693241383
2024-07-09,1.3300000429153442,1.350000023841858,1.2899999618530273,1.3200000524520874,369484226
2024-07-10,1.3300000429153442,1.3700000047683716,1.3300000429153442,1.340000033378601,254837502
2024-07-11,1.350000023841858,1.3600000143051147,1.340000033378601,1.340000033378601,207034013
2024-07-12,1.3799999952316284,1.3899999856948853,1.350000023841858,1.3600000143051147,312416552
2024-07-15,1.3300000429153442,1.3700000047683716,1.3200000524520874,1.3700000047683716,205321657
2024-07-16,1.340000033378601,1.350000023841858,1.3200000524520874,1.3200000524520874,153718023
2024-07-17,1.340000033378601,1.3600000143051147,1.3300000429153442,1.340000033378601,166213780
2024-07-18,1.309999942779541,1.350000023841858,1.2899999618530273,1.340000033378601,270121004
2024-07-19,1.2999999523162842,1.309999942779541,1.2799999713897705,1.2899999618530273,180775518
2024-07-22,1.2599999904632568,1.309999942779541,1.190000057220459,1.2999999523162842,650246732
2024-07-23,1.2000000476837158,1.2599999904632568,1.190000057220459,1.2599999904632568,380619366
2024-07-24,1.159999966621399,1.2300000190734863,1.149999976158142,1.2100000381469727,429745093
2024-07-25,1.159999966621399,1.1799999475479126,1.1299999952316284,1.149999976158142,321209360
2024-07-26,1.1699999570846558,1.2200000286102295,1.149999976158142,1.1699999570846558,281007260
2024-07-29,1.1799999475479126,1.2100000381469727,1.159999966621399,1.190000057220459,191703010
2024-07-30,1.1399999856948853,1.1799999475479126,1.1299999952316284,1.1799999475479126,242420604
2024-07-31,1.2100000381469727,1.2200000286102295,1.1299999952316284,1.1399999856948853,336655386
2024-08-01,1.1799999475479126,1.2300000190734863,1.1699999570846558,1.2100000381469727,228131615
2024-08-02,1.159999966621399,1.1799999475479126,1.1399999856948853,1.159999966621399,157264119
2024-08-05,1.0700000524520874,1.1699999570846558,1.0499999523162842,1.1399999856948853,589214957
2024-08-06,1.090000033378601,1.1200000047683716,1.0499999523162842,1.100000023841858,322960213
2024-08-07,1.090000033378601,1.1200000047683716,1.0800000429153442,1.100000023841858,212284059
2024-08-08,1.0800000429153442,1.100000023841858,1.0499999523162842,1.0800000429153442,187624626
2024-08-09,1.1100000143051147,1.1200000047683716,1.090000033378601,1.100000023841858,176479645
2024-08-12,1.100000023841858,1.1200000047683716,1.0700000524520874,1.1200000047683716,120041798
2024-08-13,1.100000023841858,1.1100000143051147,1.0800000429153442,1.1100000143051147,86606003
2024-08-14,1.0700000524520874,1.1200000047683716,1.0700000524520874,1.1100000143051147,102077004
2024-08-15,1.1100000143051147,1.149999976158142,1.059999942779541,1.0700000524520874,292625702
2024-08-16,1.1100000143051147,1.1399999856948853,1.100000023841858,1.1200000047683716,128466013
2024-08-19,1.1299999952316284,1.149999976158142,1.1100000143051147,1.1100000143051147,201200885
2024-08-20,1.100000023841858,1.1399999856948853,1.090000033378601,1.1299999952316284,162071399
2024-08-21,1.1100000143051147,1.1200000047683716,1.0700000524520874,1.090000033378601,129282085
2024-08-22,1.090000033378601,1.1299999952316284,1.0800000429153442,1.1100000143051147,170359758
2024-08-23,1.100000023841858,1.1100000143051147,1.0800000429153442,1.090000033378601,124854744
2024-08-26,1.1699999570846558,1.1699999570846558,1.100000023841858,1.1100000143051147,315963245
2024-08-27,1.1799999475479126,1.190000057220459,1.1399999856948853,1.159999966621399,212020403
2024-08-28,1.1200000047683716,1.1699999570846558,1.100000023841858,1.159999966621399,325014514
2024-08-29,1.159999966621399,1.1799999475479126,1.0800000429153442,1.100000023841858,366876873
2024-08-30,1.1799999475479126,1.2000000476837158,1.149999976158142,1.1699999570846558,285301519
2024-09-02,1.1399999856948853,1.1799999475479126,1.1299999952316284,1.1699999570846558,172844000
2024-09-03,1.1399999856948853,1.159999966621399,1.1299999952316284,1.1399999856948853,98705482
2024-09-04,1.1100000143051147,1.1299999952316284,1.090000033378601,1.1299999952316284,186793800
2024-09-05,1.1299999952316284,1.1399999856948853,1.1100000143051147,1.1100000143051147,136181654
2024-09-09,1.090000033378601,1.1299999952316284,1.0800000429153442,1.1200000047683716,321744828
2024-09-10,1.090000033378601,1.1100000143051147,1.0700000524520874,1.100000023841858,226095486
2024-09-11,1.0299999713897705,1.090000033378601,1.0,1.0800000429153442,401844001
2024-09-12,1.0399999618530273,1.059999942779541,1.0299999713897705,1.0399999618530273,148469080
2024-09-13,1.0399999618530273,1.0800000429153442,1.0399999618530273,1.0399999618530273,167961289
2024-09-16,1.0700000524520874,1.0700000524520874,1.0299999713897705,1.0499999523162842,62678401
2024-09-17,1.100000023841858,1.1100000143051147,1.059999942779541,1.0800000429153442,128273000
2024-09-19,1.100000023841858,1.1299999952316284,1.0700000524520874,1.090000033378601,280300024
2024-09-20,1.1699999570846558,1.2000000476837158,1.1100000143051147,1.1100000143051147,636636266
2024-09-23,1.190000057220459,1.2100000381469727,1.159999966621399,1.1699999570846558,273444086
2024-09-24,1.2300000190734863,1.2400000095367432,1.1799999475479126,1.2100000381469727,447174646
2024-09-25,1.25,1.3300000429153442,1.2400000095367432,1.2599999904632568,679452387
2024-09-26,1.3899999856948853,1.399999976158142,1.2400000095367432,1.2599999904632568,1283084029
2024-09-27,1.4600000381469727,1.5,1.399999976158142,1.440000057220459,1229224207
2024-09-30,1.7200000286102295,1.75,1.5099999904632568,1.5099999904632568,2285662808
2024-10-02,1.850000023841858,1.8799999952316284,1.6799999475479126,1.7200000286102295,1208309201
2024-10-03,1.7699999809265137,1.899999976158142,1.6299999952316284,1.8700000047683716,922482221
2024-10-04,2.119999885559082,2.1500000953674316,1.7300000190734863,1.7400000095367432,1779279384
2024-10-07,2.3299999237060547,2.3399999141693115,2.109999895095825,2.2300000190734863,1331638132
2024-10-08,1.8300000429153442,2.3499999046325684,1.8200000524520874,2.3299999237060547,2654057180
2024-10-09,1.7400000095367432,1.9900000095367432,1.649999976158142,1.8899999856948853,2203476563
2024-10-10,1.7300000190734863,1.8300000429153442,1.6799999475479126,1.8200000524520874,982948082
2024-10-14,1.6200000047683716,1.7100000381469727,1.5499999523162842,1.7000000476837158,970544325
2024-10-15,1.5299999713897705,1.6799999475479126,1.5,1.6200000047683716,883729162
2024-10-16,1.5,1.5499999523162842,1.4700000286102295,1.4900000095367432,653803172
2024-10-17,1.5199999809265137,1.6100000143051147,1.5,1.5199999809265137,946728112
2024-10-18,1.659999966621399,1.6799999475479126,1.4800000190734863,1.5299999713897705,1150597496
2024-10-21,1.590000033378601,1.690000057220459,1.590000033378601,1.6799999475479126,810768295
2024-10-22,1.6399999856948853,1.6799999475479126,1.5800000429153442,1.600000023841858,451957122
2024-10-23,1.659999966621399,1.7400000095367432,1.6200000047683716,1.659999966621399,736505616
2024-10-24,1.590000033378601,1.659999966621399,1.5800000429153442,1.6299999952316284,526344814
2024-10-25,1.600000023841858,1.649999976158142,1.5800000429153442,1.590000033378601,381283014
2024-10-28,1.600000023841858,1.6299999952316284,1.5700000524520874,1.600000023841858,315567710
2024-10-29,1.5700000524520874,1.659999966621399,1.5399999618530273,1.6299999952316284,521661202
2024-10-30,1.5499999523162842,1.600000023841858,1.5199999809265137,1.5800000429153442,388135823
2024-10-31,1.559999942779541,1.5800000429153442,1.5299999713897705,1.5499999523162842,313599684
2024-11-01,1.5199999809265137,1.5700000524520874,1.4800000190734863,1.559999942779541,445659275
2024-11-04,1.5299999713897705,1.5499999523162842,1.5099999904632568,1.5199999809265137,250772588
2024-11-05,1.6399999856948853,1.649999976158142,1.5,1.5299999713897705,615820360
2024-11-06,1.6200000047683716,1.690000057220459,1.590000033378601,1.6399999856948853,619967920
2024-11-07,1.7400000095367432,1.7400000095367432,1.590000033378601,1.6200000047683716,643510413
2024-11-08,1.7100000381469727,1.7999999523162842,1.6799999475479126,1.7799999713897705,639872037
2024-11-11,1.7200000286102295,1.7300000190734863,1.6299999952316284,1.649999976158142,489350205
2024-11-12,1.6100000143051147,1.75,1.600000023841858,1.7400000095367432,507840540
2024-11-13,1.6100000143051147,1.6200000047683716,1.5700000524520874,1.590000033378601,325115746
2024-11-14,1.6100000143051147,1.7000000476837158,1.590000033378601,1.600000023841858,548994472
2024-11-15,1.5800000429153442,1.659999966621399,1.5800000429153442,1.6299999952316284,304961708
2024-11-18,1.5299999713897705,1.6100000143051147,1.5199999809265137,1.600000023841858,310757384
2024-11-19,1.559999942779541,1.5700000524520874,1.5199999809265137,1.5499999523162842,184162600
2024-11-20,1.5800000429153442,1.600000023841858,1.5399999618530273,1.559999942779541,272852859
2024-11-21,1.5499999523162842,1.600000023841858,1.5399999618530273,1.5800000429153442,194211420
2024-11-22,1.4299999475479126,1.590000033378601,1.4199999570846558,1.5499999523162842,633736277
2024-11-25,1.440000057220459,1.4600000381469727,1.3899999856948853,1.440000057220459,332706450
2024-11-26,1.4199999570846558,1.4800000190734863,1.4199999570846558,1.440000057220459,319368384
2024-11-27,1.4800000190734863,1.5,1.399999976158142,1.4299999475479126,325011295
2024-11-28,1.440000057220459,1.4900000095367432,1.440000057220459,1.4900000095367432,182776440
2024-11-29,1.4900000095367432,1.5199999809265137,1.4500000476837158,1.4500000476837158,289031628
2024-12-02,1.5,1.5099999904632568,1.4700000286102295,1.4900000095367432,221054619
2024-12-03,1.5,1.5099999904632568,1.4600000381469727,1.5,246757357
2024-12-04,1.4900000095367432,1.5299999713897705,1.4700000286102295,1.5099999904632568,292754023
2024-12-05,1.4900000095367432,1.5199999809265137,1.4800000190734863,1.4900000095367432,195240411
2024-12-06,1.7100000381469727,1.7400000095367432,1.4700000286102295,1.4900000095367432,1600549776
2024-12-09,1.850000023841858,1.8600000143051147,1.6799999475479126,1.7100000381469727,1487537364
2024-12-10,1.600000023841858,1.9199999570846558,1.600000023841858,1.909999966621399,1947475066
2024-12-11,1.5800000429153442,1.6399999856948853,1.5399999618530273,1.5800000429153442,1290424476
2024-12-12,1.559999942779541,1.6200000047683716,1.559999942779541,1.590000033378601,746945652
2024-12-13,1.5499999523162842,1.559999942779541,1.4900000095367432,1.5499999523162842,833059463
2024-12-16,1.4900000095367432,1.5399999618530273,1.4800000190734863,1.5399999618530273,630988241
2024-12-17,1.4800000190734863,1.5,1.4600000381469727,1.4800000190734863,342332759
2024-12-18,1.5099999904632568,1.5299999713897705,1.4900000095367432,1.4900000095367432,279286815
2024-12-19,1.5099999904632568,1.5800000429153442,1.4800000190734863,1.4800000190734863,923643570
2024-12-20,1.5,1.5399999618530273,1.5,1.5099999904632568,373884317
2024-12-23,1.4800000190734863,1.5199999809265137,1.4800000190734863,1.5099999904632568,230745703
2024-12-24,1.4900000095367432,1.4900000095367432,1.4900000095367432,1.4900000095367432,0
2024-12-27,1.5299999713897705,1.559999942779541,1.4800000190734863,1.4900000095367432,616061168
2024-12-30,1.5099999904632568,1.5499999523162842,1.5099999904632568,1.5399999618530273,315055180
2024-12-31,1.5,1.5,1.5,1.5,0
2025-01-02,1.409999966621399,1.4900000095367432,1.409999966621399,1.4900000095367432,445155342
2025-01-03,1.3300000429153442,1.4299999475479126,1.3300000429153442,1.4199999570846558,675163550
2025-01-06,1.3300000429153442,1.3799999952316284,1.3200000524520874,1.340000033378601,341436000
2025-01-07,1.3300000429153442,1.340000033378601,1.2599999904632568,1.309999942779541,760391069
2025-01-08,1.309999942779541,1.340000033378601,1.2799999713897705,1.3300000429153442,249315476
2025-01-09,1.309999942779541,1.350000023841858,1.2999999523162842,1.2999999523162842,266372900
2025-01-10,1.2799999713897705,1.340000033378601,1.2799999713897705,1.3200000524520874,352838828
2025-01-13,1.2999999523162842,1.2999999523162842,1.2599999904632568,1.2699999809265137,220368248
2025-01-14,1.340000033378601,1.3700000047683716,1.2999999523162842,1.2999999523162842,366713200
2025-01-15,1.3300000429153442,1.3899999856948853,1.3200000524520874,1.350000023841858,381744275
2025-01-16,1.3600000143051147,1.3899999856948853,1.340000033378601,1.350000023841858,290447218
2025-01-17,1.3700000047683716,1.399999976158142,1.3600000143051147,1.3600000143051147,281968861
2025-01-20,1.409999966621399,1.440000057220459,1.3899999856948853,1.399999976158142,417040078
2025-01-21,1.440000057220459,1.4500000476837158,1.399999976158142,1.4199999570846558,376956120
2025-01-22,1.409999966621399,1.4500000476837158,1.3899999856948853,1.4199999570846558,298788532
2025-01-23,1.4299999475479126,1.4800000190734863,1.4199999570846558,1.4199999570846558,372324884
2025-01-24,1.5199999809265137,1.5399999618530273,1.4299999475479126,1.440000057220459,804839306
2025-01-27,1.6299999952316284,1.7300000190734863,1.5499999523162842,1.5499999523162842,2139920143
2025-01-28,1.6100000143051147,1.6100000143051147,1.6100000143051147,1.6100000143051147,0
2025-02-03,1.690000057220459,1.7000000476837158,1.5499999523162842,1.6100000143051147,638716105
2025-02-04,1.7300000190734863,1.7400000095367432,1.649999976158142,1.7100000381469727,647299075
2025-02-05,1.649999976158142,1.7100000381469727,1.590000033378601,1.7100000381469727,1032353667
2025-02-06,1.7200000286102295,1.7200000286102295,1.6299999952316284,1.6399999856948853,887731402
2025-02-07,1.7300000190734863,1.7999999523162842,1.6799999475479126,1.7300000190734863,1509148921
2025-02-10,1.7699999809265137,1.850000023841858,1.75,1.7599999904632568,1591363694
2025-02-11,1.7100000381469727,1.7999999523162842,1.6799999475479126,1.7799999713897705,915494813
2025-02-12,1.7200000286102295,1.7400000095367432,1.6699999570846558,1.7200000286102295,882736749
2025-02-13,1.690000057220459,1.8200000524520874,1.6699999570846558,1.7400000095367432,1927608034
2025-02-14,1.8200000524520874,1.8300000429153442,1.7100000381469727,1.7200000286102295,1838648288
2025-02-17,1.8300000429153442,1.899999976158142,1.7799999713897705,1.8700000047683716,1368847858
2025-02-18,1.8200000524520874,1.9199999570846558,1.7699999809265137,1.840000033378601,1720505252
2025-02-19,1.8300000429153442,1.840000033378601,1.7699999809265137,1.840000033378601,673482387
2025-02-20,1.7300000190734863,1.8200000524520874,1.7300000190734863,1.809999942779541,827399866
2025-02-21,1.8799999952316284,1.899999976158142,1.75,1.7799999713897705,1633224268
2025-02-24,1.9199999570846558,1.9800000190734863,1.8899999856948853,1.940000057220459,1611617329
2025-02-25,1.809999942779541,1.8799999952316284,1.7899999618530273,1.8300000429153442,1137058698
2025-02-26,1.8200000524520874,1.8600000143051147,1.7899999618530273,1.840000033378601,727957684
2025-02-27,1.7799999713897705,1.8700000047683716,1.7400000095367432,1.8300000429153442,957369090
2025-02-28,1.6399999856948853,1.7699999809265137,1.6200000047683716,1.7699999809265137,1198561660
